,Feature,SHAP Value
0,perdida_placer,1.0076584
1,agitacion,0.99887013
2,llanto,0.9262279
3,fracaso,0.890479
4,autocritica,0.88688916
5,tristeza,0.86707556
6,castigo,0.853094
7,pesimismo,0.8477593
8,energia,0.83802545
9,concentracion,0.8348949
10,suicidio,0.82240736
11,irritabilidad,0.7933762
12,culpa,0.77995354
13,interes,0.7714211
14,indeciso,0.7211756
15,sexo,0.71051097
16,cansancio,0.67763203
17,desvalorizacion,0.66344446
18,disconformidad,0.6537338
